formula,source,is_train,m,V,Tmax
Ga1Te1,FactSage,1,45.08676028643393,32.714714638139284,1100
Ba1Cl2,FactSage,1,28.178343158930435,33.95821116195488,1100
Al1P1,FactSage/PhononDB,1,14.420074546040974,20.87766544282388,1800
O2W1,FactSage,0,14.718467409329689,12.446849222172716,1800
Co1Sb2,FactSage,1,39.71209775332159,20.439483149665122,1100
Ca1Rb1Sb1,PhononDB,0,35.88494687997606,41.811496391628324,1000
Nb1O2,FactSage,1,13.648920527193324,12.182121703542965,1000
Be1O1,PhononDB,0,5.7649094203957185,7.002532609276253,1000
Li2N2Zr1,PhononDB,0,7.434211122424495,10.367870884533062,1000
Ba1Br1F1,PhononDB,0,27.51713337042472,26.427547651969608,1000
Li2Te1,FactSage,1,6.582912272095497,23.179297829504534,1000
Br3In1,FactSage,0,47.11546446729183,35.24289986076261,600
Na2Te1,FactSage,1,19.480038877498973,32.86574392614791,1400
Br1K1,FactSage/PhononDB,1,26.25252254116097,37.86764921703034,1800
Os1P2,PhononDB,0,26.636702251293546,14.95320269107004,1000
Co1Fe2O4,FactSage,1,15.968289813877833,11.094625990561124,700
P2Zn3,FactSage,1,21.019970341356267,18.904286741750244,1500
Cl2Ni1,FactSage,1,22.10235452656713,19.742157310458953,1200
Br2Ti1,FactSage,1,29.934529494173173,32.19151361508316,1400
I3Y1,FactSage,1,52.27993626138685,48.59633583883233,900
Be1S1,PhononDB,0,7.0349425583770575,14.47790232849039,1000
Al2Ba1O4,FactSage,1,14.254586978909993,15.375350651114616,1300
Ba1S1,FactSage/PhononDB,0,25.995266925238496,33.65479805213937,1800
Li1Na1S1,PhononDB,0,8.142313796155214,17.820044253972227,1000
C1Nb1,FactSage,0,10.635738797400766,11.430086558782856,1800
Cl3Zr1,FactSage,1,25.530794635174495,32.012641345891105,1000
Cr1N1,FactSage,1,11.034286028320013,10.675668413362287,1800
As1Ba1Li1,PhononDB,0,20.47819182094958,27.67551866163807,1000
Ba1F1I1,PhononDB,0,33.05638839946405,30.099838960967737,1000
N1Zr1,FactSage,1,12.14234249890954,12.307376642696207,1800
N1Y1,FactSage,1,12.100347034399595,14.878773502928398,1800
Fe3O4,FactSage,1,12.436411091191523,11.095798722986428,800
Ca1Cd2P2,PhononDB,0,23.817875276664914,22.873717974087285,1000
Cd1I2,FactSage,1,59.609428413340765,42.11414135657035,600
Ca1O6Sb2,PhononDB,0,15.75728372675878,13.905424984484304,1000
Br2Cr1,FactSage,1,31.49881140651144,29.38719884077361,1000
Lu2O2S1,PhononDB,0,17.195301096118165,15.414153465356858,1000
Ca1H2,FactSage,1,0.9832127321414578,11.893110119795535,1000
As1Br3Ca3,PhononDB,0,29.94652046905942,30.333837114937836,1000
Ca3N2,FactSage,0,10.37928513239419,18.889796523546426,1400
Nd2O2Se1,PhononDB,0,25.060012735897946,19.781469787147337,1000
La2O2Se1,PhononDB,0,24.83273762664893,20.913065213280696,1000
Ag1I1,PhononDB,0,58.30728402438836,36.60979166204928,1000
Li3N1,FactSage,1,4.6411064078633935,11.220641045425358,1200
Cl1N1Th1,PhononDB,0,18.00117089773894,19.69751317577,1000
B1P1,PhononDB,0,8.013862588998352,11.749846827486785,1000
Cl2Fe1,FactSage,1,21.685828659992552,23.920964167111183,900
H2Ti1,FactSage,1,0.9871534160451144,7.193809613532463,1800
Cd1Te1,FactSage/PhononDB,1,59.76244255471625,36.413603974221786,1800
Br2Hg1,FactSage,0,57.14184032457022,38.36696594550892,1400
C1V2,FactSage,1,9.719169052868683,10.980688736917038,1800
H2Sr1,FactSage,1,0.996476989084932,14.954159868862815,900
Cu3S4V1,PhononDB,0,22.541982748362514,19.82405188131445,1000
Cu3Se4Ta1,PhononDB,0,44.340441993308936,23.296968119469863,1000
F1La1O1,PhononDB,0,13.248228977875035,16.34412923638804,1000
Be1Se1,PhononDB,0,8.088942146734519,17.411838205808998,1000
Li2Se1,FactSage,0,6.380151104178065,18.178521435869264,1300
Se1Zn1,FactSage/PhononDB,1,35.774263449909604,23.668822714345907,1400
S1Yb1,PhononDB,0,27.052132322468978,22.71082244760777,1000
Er2O2Se1,PhononDB,0,25.923634529565746,17.023746408338887,1000
N2Sr1Ti1,PhononDB,0,16.331002879717087,14.76773088834083,1000
Hg1O6Sb2,PhononDB,0,24.675374234788922,13.961100272561364,1000
Ni2P1,FactSage,1,20.274483568140585,11.119398103565588,1300
Cu2S4W1,PhononDB,0,29.00368340789647,24.23196804480863,1000
Mg2O7V2,FactSage,0,11.919551029015505,12.63104114718011,1700
Al2Te3,FactSage,1,22.27202780190208,36.644829538361954,1100
Cl3Nd1,PhononDB,0,28.458285572776088,26.185329458178078,1000
K1Li1S1,PhononDB,0,9.73915716929813,22.00183636037345,1000
Mn1P1,FactSage,1,19.806799437652266,11.971168214496837,1300
Br3Ir1,FactSage,1,56.441462320070855,30.24441463019301,900
Ge1O6Sr1Te1,PhononDB,0,20.811304042076333,14.016477588781235,1000
Cu3P1,FactSage,1,20.82377947642314,12.540647423594258,1300
Mo1O2,FactSage,1,13.712619828228489,12.182644720692766,1800
Br1Tl1,FactSage,1,57.445560189287384,38.97699896208244,900
Ag2Hg1I4,PhononDB,0,67.78054473752914,40.03809865908835,1000
C1Mo1,FactSage,1,10.674377822468962,10.496700318696432,1800
Co3O4,FactSage,1,12.583252456197467,9.67343894777167,1400
S2Zr1,FactSage/PhononDB,0,23.72553561144952,25.998870917702387,1800
O4Ti1Zn2,FactSage,1,15.714730306468114,11.227740648310423,1800
Cr1F2,FactSage,0,13.914357141772632,13.865807731053527,1100
O1Sn1,FactSage,0,14.099155470961938,18.82135907303205,1200
Mn1Te1,FactSage,1,38.403471133921705,25.63899476191741,1400
Ba1Se3,PhononDB,0,50.13403450045541,29.589238481359835,1000
P2Yb1Zn2,PhononDB,0,30.529360540999857,19.06096905366573,1000
Br2Mo1,FactSage,1,43.59540137849456,32.54082726183569,1800
Br2V1,FactSage,1,31.108671035687127,28.690432022196887,800
Mn2Sb1,FactSage,1,37.8569913390949,16.707738080157206,1100
Cu1S2Sc1,PhononDB,0,21.59250890380647,18.322282811495462,1000
Na2O1,FactSage,1,9.43396644275546,14.596187072694613,1000
Li1Rb1Se1,PhononDB,0,17.947452420947393,27.239893077667602,1000
Br2Cd1,FactSage,1,46.70508563554586,34.14721548932915,800
H2Mg1,FactSage,1,0.967804676185382,10.231936466711646,1800
Li2S1,FactSage,1,5.7058699943598405,15.606906892002561,1200
F3Mg3N1,PhononDB,0,9.41237894359922,11.054235643838336,1000
Pd1Te2,FactSage,1,58.0257755747372,25.29190535864859,900
F1Li1,FactSage,1,5.083691232001821,8.511077024366068,1800
N1V1,FactSage,1,10.98602129158314,8.64360884820685,1800
S1Zn1,FactSage/PhononDB,1,21.5169130742557,20.23783757027015,1200
Ba1Li1Sb1,PhononDB,0,25.90387900546256,32.437841033437685,1000
N1Nb1,FactSage,1,12.171679954838085,11.129009868600564,1600
Cr2O3,FactSage,1,12.234727332544065,10.316325716565052,1800
N1Sc1,FactSage,1,10.679377172273169,11.530231804238381,1800
Cl1Na1,FactSage/PhononDB,0,13.946229795834892,23.04806887910413,1000
Cl1Li1,FactSage/PhononDB,1,5.804577841203942,17.101198363349162,1800
O3Sc2,FactSage,0,11.799916936735555,12.17867256904923,1800
O5V2,FactSage,1,12.175417944784133,14.128166116578159,900
Nb1O1,FactSage,1,13.648920527193324,12.898020867183714,1800
Cl3V1,FactSage,1,20.90444414285632,26.31376627023108,1300
Cu1P2,FactSage,1,20.82377947642314,16.208349657135063,1000
Ca1Cl2,FactSage/PhononDB,1,18.811949186426766,29.183242001190433,1000
S1Ti1,FactSage,1,19.202013649101733,14.940025888100307,1800
Ag1Sc1Se2,PhononDB,0,35.77095475960411,22.149888362276048,1000
Pb1Te1,FactSage,1,78.96869772998805,35.38841083818104,1200
Be2Mg1N2,PhononDB,0,6.831606605709184,7.721617852909249,1000
As2Ca1Mg2,PhononDB,0,19.71274026027817,23.774778003625865,1000
Be1I2,FactSage,1,8.414614128764294,40.542830838612815,1400
O2Sn1,PhononDB,0,14.099155470961941,12.622326421515686,1000
F3Mn1,FactSage,1,14.116652278270301,14.250802023573373,900
Br2Sr1,FactSage,1,41.79215204985554,36.46354413539848,900
I1In1,FactSage,1,60.27953229362584,39.09892470220112,600
Cd1O1,FactSage,1,14.005941523428008,13.683653968877465,1600
Br1Rb1,PhononDB,0,41.29615261610504,43.39025345400914,1000
Cl2Mg1,FactSage,1,14.419578382810672,25.643269627626506,900
Cr2S3,FactSage,1,19.833846410527574,16.7981029326383,1800
As1In1,FactSage,1,45.337653651636245,29.52479934551747,1100
Al2C2Mg1,PhononDB,0,9.571961074379118,11.596472475251376,1000
O2Pr2S1,PhononDB,0,16.785551242507875,19.322032736088623,1000
Cl1Nd1O1,PhononDB,0,17.961505477008203,18.921239489944643,1000
Br1Li1,FactSage/PhononDB,1,6.3862474984167195,25.85571852426125,1800
Ni1O1,FactSage,0,12.57228519964441,9.289164000943499,1800
H1Na1,FactSage/PhononDB,1,0.9656049991152822,14.289192257695055,1400
Br3Pr1,PhononDB,0,50.989541836221036,31.39767560906385,1000
Mo2N1,FactSage,1,12.222311338130204,12.246544661249787,1500
I1Li1,FactSage/PhononDB,1,6.581051463826157,33.50957108070081,1800
Br2Ni1,FactSage,1,33.8378456854169,24.322297942756265,1200
Co1Sb1,FactSage,0,39.71209775332159,16.917404044154292,1400
F4V1,FactSage,0,13.837696541347228,14.421159172436075,900
As1Ga1,FactSage,1,36.11443992240291,23.765936322538142,1400
S1Sr1,FactSage,1,23.47441450474161,27.8657667710305,1800
Ba1H2,FactSage,1,1.0005959187172817,18.78269153506152,800
I2Zr1,FactSage,1,53.07300496482646,35.66151015417511,1400
Cr2N1,FactSage,0,11.034286028320013,9.713804168339953,1800
In2O3,FactSage,1,14.042620547419537,13.662960661111553,1700
Mn4N1,FactSage,1,11.16112206813587,10.59218074951702,700
As2Zn1,FactSage,1,34.92144218295938,24.314483331217858,1000
Ga1P1,FactSage/PhononDB,0,21.44640567415664,20.86842947649943,1800
Ba1Se1,PhononDB,0,50.13403450045541,37.3705668492131,1000
Br2Ca1,FactSage/PhononDB,1,26.69060785784534,34.28686992096667,1400
Fe1S2,FactSage,1,20.36935416903652,13.570179029803649,1300
Mg1S1,FactSage/PhononDB,1,13.825435958843356,17.871745470596682,1800
C1Ni3,FactSage,1,9.970409345144056,9.819836034497762,700
Mn3O4,FactSage,1,12.390857285217983,11.818215002613304,1400
Cl2Mn1,FactSage,1,21.547693240906774,26.056939910295963,900
Mg1O5Ti2,FactSage,0,11.886774430730775,11.69112015024235,1800
Ga2Se3,FactSage,1,37.02728677791005,26.21451869579157,1200
Fe1I2,FactSage,1,38.77975748520638,33.85461950819742,600
La2O2S1,PhononDB,0,16.756233891778482,19.91869822737227,1000
O1Zn1,FactSage/PhononDB,1,12.854997206676464,12.429680763563526,1800
La1N1,FactSage/PhononDB,1,12.723691297095582,22.04063818964488,1700
Ni1Se2,FactSage,1,33.66739117232121,17.42897506872576,900
As1Ni1,FactSage,0,32.91100129057366,14.436024874166918,1300
N2S1Th2,PhononDB,0,16.65983780564601,19.46061645695673,1000
Cl2Zr1,FactSage,1,25.530794635174495,23.27325653876936,900
Fe1Se1,FactSage,1,32.71036830978079,19.500202402014608,700
Mo1O3,FactSage,1,13.712619828228489,14.508795910433333,1000
Fe1P1,FactSage,1,19.923455472562488,11.31291910877858,1800
O3Sr1Ti1,FactSage,1,16.399292588765018,12.255856186208296,1800
Al2O3,FactSage,1,10.043718046604962,8.74200077442887,1800
Ba1Br2,FactSage,1,50.51294063922738,35.86351867801107,1400
Ba1Mg2P2,PhononDB,0,19.22450672844442,25.444576463017818,1000
F2Zn1,FactSage,0,14.722246009207876,12.243406763684368,1000
Mg1Na1Sb1,PhononDB,0,17.1378898233429,27.92256004084127,1000
Mn1O4Ti2,FactSage,1,15.045807383410116,11.581560584671767,1000
Al1Sb1,FactSage/PhononDB,1,22.087119515220607,30.28031211059623,1300
C1Ta1,FactSage,1,11.263094402518925,11.255063175400622,1800
Te1Zn1,FactSage/PhononDB,1,43.24248299302105,29.57280771512277,1800
Ba1Hf1N2,PhononDB,0,29.039931303166853,18.274579622762694,1000
Li1Rb1S1,PhononDB,0,11.814208824098476,24.15663076335369,1000
Br2Zr1,FactSage,1,42.594797438174936,29.786785473981304,1400
Ca1Te1,FactSage/PhononDB,0,30.498650985818056,32.725442463123784,1400
F1La1S1,PhononDB,0,18.23128022432859,19.223441318660253,1000
Cl2Co1,FactSage,1,22.136272813360048,21.8122368526408,900
O6Pb1Sb2,PhononDB,0,24.843009792114586,15.237806449632966,1000
Ni1Sb1,FactSage,1,39.60306862602754,17.49413202862599,1400
Ba1O1,FactSage,1,14.329884506516814,22.127491923018614,1800
Ca1Cs1F3,PhononDB,0,17.96289000645205,19.25802016902183,1000
Br2Fe1,FactSage,1,32.87124678634833,26.31009561811059,600
Cl1Dy1O1,PhononDB,0,18.23102197274465,17.133613247989064,1000
Ba1Mg2Sb2,PhononDB,0,33.66070820304793,33.111349156361925,1000
Mg3P2,FactSage,0,13.618562684345212,21.976504687887,1100
Co1O1,FactSage,1,12.583252456197467,12.113049584760573,1800
Br3Cr1,FactSage,1,31.49881140651144,30.71492965445207,1100
Br3V1,FactSage,1,31.108671035687127,35.9947053401036,900
Fe1P2,FactSage,1,19.923455472562488,12.701762456280205,1800
O3Y2,FactSage,1,13.55928570295576,15.329748773547974,1300
C3Cr7,FactSage,1,9.75692517466894,9.41676903153026,1800
Mn2P1,FactSage,0,19.806799437652266,11.624239661721143,1200
O3Pr2,PhononDB,0,14.367983181189118,16.16308316402128,1000
Mn1O2,FactSage,1,12.390857285217983,12.019755606100167,1800
Cl3Y1,FactSage,1,25.345836665826358,35.25142086314626,900
Mn1S1,FactSage,1,20.24743401710825,21.15465326909996,1800
Ca1P2Zn2,PhononDB,0,21.104689922801324,19.425704057977608,1000
Sr1Te1,PhononDB,0,51.948294768144216,38.00335902766506,1000
O1S1Th1,PhononDB,0,17.93764854430196,17.918802293350783,1000
Te2Zr1,FactSage,0,53.194267539209605,32.05618275406298,1800
Co1Li1S2,PhononDB,0,11.479462743816585,14.397513825957072,1000
Dy2O2S1,PhononDB,0,17.062387640387065,16.62816496308531,1000
Be1Br2,FactSage,1,8.098743944358745,33.90956389582943,1400
Li2O1,FactSage,1,4.840884875590661,8.426556127096351,1800
I5Ta1,FactSage,1,74.59126041761124,46.82429816531242,1800
Ca3Cl3P1,PhononDB,0,17.777257460634907,26.64011480427484,1000
Cu3Nb1Se4,PhononDB,0,38.176793353968456,23.276670557419138,1000
In1P1,FactSage,1,24.39332206792315,26.41999169812097,900
O1V1,FactSage,1,12.175417944784133,10.649889425305787,1800
Fe2Mg1O4,FactSage,1,12.404535637835787,11.204322476491273,1800
Cu2O1,FactSage,1,12.781353445956647,13.138814024647568,1500
K2O1,FactSage,1,11.35345651488175,22.756304314405323,1000
As2Zn3,FactSage,0,34.92144218295938,21.191411865315523,900
Cl1Rb1,PhononDB,0,25.05846730587293,37.573963439724594,1000
Al2Se3,FactSage,1,20.109791834342868,26.08664223064312,1200
Fe2O4Zn1,FactSage,1,16.37629834550363,11.152589309377756,1800
Fe2P1,FactSage,1,19.923455472562488,11.147764190477721,1600
Cu3Nb1S4,PhononDB,0,26.20694967689601,21.08083828674652,1000
O4Sr2Ti1,FactSage,0,16.714146834045682,13.975657463958886,1800
Cl3Ti1,FactSage,1,20.367603828612573,29.20964451769164,1100
Mn1O1,FactSage,1,12.390857285217983,11.346659723078716,1800
Ba1C2,FactSage,1,11.044722122411153,23.87241205352832,1400
I1Na1,FactSage/PhononDB,1,19.463753243050466,34.837548058089475,1500
K1Li1Te1,PhononDB,0,14.13514930141815,30.527124830853968,1000
O1S1Zr1,PhononDB,0,16.00372940791091,14.060815221927914,1000
Cl4K2Pt1,PhononDB,0,25.662551619814874,30.73888016448492,1000
Co1I2,FactSage,1,40.24418772632367,29.85507324526848,700
Br1Na1,FactSage,1,17.853117223747986,27.374259408509875,1800
La2O3,FactSage,0,14.346896754879301,18.52835831234017,1800
Al2O4Sr1,FactSage,1,13.556751852523735,14.166644063009025,800
H1Rb1,PhononDB,0,0.9961916987585188,27.50258660108685,1000
Cl3La1,FactSage/PhononDB,1,28.24420074292921,27.379482406621193,1100
Ag1Er1Te2,PhononDB,0,65.45724841429559,29.52040718456172,1000
F3In1,FactSage,1,16.301130552413472,16.04592977928967,1400
Ba1S3,PhononDB,0,25.995266925238496,25.813777111803397,1000
F1Ho1S1,PhononDB,0,18.60391119400755,16.171139534419407,1000
Mg1O1,FactSage/PhononDB,1,9.648212527664473,9.6396836597384,1800
Cl1La1O1,PhononDB,0,17.871799391905547,19.81840732686863,1000
F2Mg1,FactSage/PhononDB,1,10.663277148064893,11.364356530467555,1500
F1Pr1S1,PhononDB,0,18.26402353318466,18.63416934935444,1000
I4Zr1,FactSage,1,53.07300496482648,47.732712497780895,900
C1Ta2,FactSage,1,11.263094402518925,14.013592701003166,1800
Se1Sn1,FactSage,1,47.419140992563364,28.131435520905328,1300
Hf1I4,FactSage,1,74.17023252025488,47.320396243565156,700
Ca1S1,FactSage/PhononDB,1,17.813246884659637,23.34756493261941,1800
Pb1Se1,FactSage,1,57.17260273972602,30.179643925150113,1400
Br2Zn1,FactSage,1,35.96678023301425,32.565559742157824,800
Ag1Tb1Te2,PhononDB,0,64.52472157489647,30.255333310169807,1000
Mg1O6V2,FactSage,1,11.905773196758453,13.003050027446857,1700
As2O6Sr1,PhononDB,0,17.85205783168755,13.00715501749166,1000
Ca1Se1,FactSage,1,26.584442614963287,26.52568835573786,1700
Cu1F1,FactSage,1,14.625734549464884,14.230793356498715,1700
F3K1Mg1,PhononDB,0,12.377164680206025,13.319965701579235,1000
Mg1Se1,PhononDB,0,18.584445843218905,20.92113426413336,1000
C1Ti1,FactSage,1,9.60150735415689,10.187611185638938,1800
Al2O4Zn1,FactSage,1,12.988786766950946,9.766595296280515,1800
I1K3O1,PhononDB,0,19.338828945291414,31.164179667513576,1000
C1Si1,FactSage/PhononDB,0,8.412929775140787,10.496380229964556,1800
Ca1O3Ti1,FactSage,1,13.733140334707516,11.457482218008705,1500
Ba1Na1P1,PhononDB,0,19.38732217184717,28.98787695852184,1000
P2Zn1,FactSage,1,21.01997034135627,20.200897521394406,1200
Br1Cs1,FactSage,1,49.902281753950604,50.69609542264056,1500
F3V1,FactSage,1,13.837696541347224,13.857676487718587,900
Co1S2,FactSage,1,20.76626792075381,13.913045057057635,900
C2Cr3,FactSage,0,9.75692517466894,8.797798234064285,1800
Fe2Mn1O4,FactSage,1,15.689604853653517,11.36225931065774,500
F1S1Sm1,PhononDB,0,18.408681186624328,17.518462066282762,1000
Cl1K1,PhononDB,0,18.59326436829405,32.695704285510885,1000
Mn2O4Ti1,FactSage,1,15.074344821294565,12.129714945260954,1000
Fe2N1,FactSage,1,11.198069073479962,9.40308837254199,900
Cd1F2,FactSage,0,16.251725143784842,13.808390545507276,1300
S2Ti1,FactSage,1,19.20201364910174,21.63543402021904,900
Be2C1,FactSage,1,5.148799976492281,6.754584153339484,1800
Pd1Te1,FactSage,1,58.0257755747372,22.085644344372007,1000
O1Pd1,FactSage,0,13.908385010872461,13.09122286242518,1300
As1Na1Sr1,PhononDB,0,25.396853492114214,27.66240575861825,1000
Br2Co1,FactSage,1,33.917409619806854,27.85646285377546,600
F2Ni1,FactSage,1,14.352619355588336,11.49630697083407,1600
I2V1,FactSage,1,36.35001714407698,34.87393411717276,1000
I1K1,FactSage,0,29.88955569476943,46.37164868731082,1800
Cs1F3Yb1,PhononDB,0,28.53050049989377,18.36538084645518,1000
Fe1O4V2,FactSage,1,15.368254733651964,11.1874582357744,1800
Mo2S3,FactSage,1,24.032780750751918,16.795106882237693,1800
Cl4K2Pd1,PhononDB,0,23.593367112578754,30.868289964838404,1000
Hf1N1,FactSage,1,12.987525931613373,11.679635771872842,1800
O1Ti1,FactSage,1,11.991333154835718,10.879546615088513,1200
H1Li1,FactSage,0,0.8801313810394845,8.103876753584606,1400
Ac1Cl1O1,PhononDB,0,18.878057750699675,21.841019632861123,1000
Ho2O2Se1,PhononDB,0,25.84391136817268,17.263846651175808,1000
Cd1S1,FactSage,1,24.94849466347352,26.215715710903954,1400
Br1F1Sr1,PhononDB,0,24.25139034662233,22.66241318950891,1000
Sn1Te1,FactSage,1,61.49728391051926,33.033413130045915,1200
F3Ti1,FactSage,1,13.600405029403904,15.413101679922946,1300
F1Na1,FactSage/PhononDB,1,10.402189008451307,12.946805309381414,1200
I2Sr1,FactSage,1,51.83264017107232,44.541874756873895,1400
Br1Li3O1,PhononDB,0,7.156902448577963,12.856394491192301,1000
Cr2Fe1O4,FactSage,1,15.454872689395506,11.142506975181663,1800
Mg1Te1,FactSage/PhononDB,1,20.416167999736675,34.56545387713925,1400
I3La1,FactSage,1,66.31702731075785,44.1290542335602,1000
Cd1Se1,FactSage/PhononDB,1,46.38096973940671,29.9763980509103,1600
Ba1Te1,PhononDB,0,66.14246641527664,44.54554727819761,1000
In2Te3,FactSage,1,60.43601052727107,37.951780838917756,900
I2Pb1,FactSage,1,78.70174913852544,49.91046809409653,900
O1Sr1,FactSage/PhononDB,1,13.52900545650718,17.63845740351329,1800
Ca1I2,FactSage/PhononDB,1,30.458750242824895,48.05254568976333,1400
Br3La1,FactSage/PhononDB,1,50.72496485129278,32.2624607282742,1000
In1N1,FactSage,1,12.483796046876106,16.10373063205962,1400
Br2Mg1,FactSage,1,18.636266733199626,30.609178517625605,1400
Br5W1,FactSage,1,55.69624848337782,35.92947811408118,900
Al1N1,FactSage/PhononDB,1,9.220262436664452,10.63182084071048,1800
Ni1P2,FactSage,1,20.274483568140585,13.510947495824865,1000
Cu1F2,FactSage,1,14.625734549464884,11.822873983716786,1800
C6Cr23,FactSage,1,9.75692517466894,10.14604527774239,1800
As1Mg1Na1,PhononDB,0,15.919301344875414,23.4697508260068,1000
I4Pt1,FactSage,0,76.88794454497081,37.56550198909351,600
I2Pd1,FactSage,1,57.88151451667286,36.5405537985367,800
C2Mg1,FactSage,1,8.03839836489452,12.973609948845045,1800
Br3Zr1,FactSage,1,42.594797438174936,38.21398698094531,1800
Al4C3,FactSage,1,8.311068492051643,11.652014164258196,1800
Cl3Cr1,FactSage,1,21.079893713028493,26.17019916326485,1200
O2Se1Sm2,PhononDB,0,25.30707763436764,18.938004390490388,1000
Cu1Fe1O2,FactSage,1,16.887553414373752,11.739259883686845,1000
O3V2,FactSage,1,12.175417944784133,10.969782886617997,1800
Ca1O1,FactSage,1,11.434623452585175,14.166047751533865,1800
Fe4N1,FactSage,0,11.19806907347996,10.93775679024702,700
Te1Yb1,PhononDB,0,73.44300159659393,32.16577603639932,1000
Br6W1,FactSage,1,55.69624848337782,35.21705956942484,900
Bi1I3,FactSage,1,78.95725372324155,51.137409149053276,600
F1K1,PhononDB,0,12.785669873166913,19.946436941077767,1000
Cr2Mg1O4,FactSage,1,12.238431217160851,10.93059455881856,1800
Cr1I2,FactSage,0,36.88382609718347,37.86915683021664,1000
Cl2V1,FactSage,1,20.90444414285632,23.47424550045749,1300
Mg3Sb2,FactSage,1,20.260683942080586,26.69484179373703,1100
Cu1Te1,FactSage,1,42.42029443462066,23.01345575588893,700
Fe3P1,FactSage,1,19.923455472562488,11.218358860220835,1800
Co1F2,FactSage,1,14.366914401021788,12.103896202950926,1800
As2Cd3,FactSage,1,44.957535301383736,27.13088841648624,900
Ca1F2,FactSage,1,12.888699416446528,13.986329012668135,1400
Cl1Ho1O1,PhononDB,0,18.26311289752454,16.931115349083914,1000
O2S1Sm2,PhononDB,0,16.915027158314285,18.001220292396454,1000
N1Ti1,FactSage,1,10.835923969311681,9.61964894212233,1800
N2Se1Th2,PhononDB,0,26.526453842987188,20.409608017718888,1000
Cl1F1Sr1,PhononDB,0,17.741018770122405,20.453307297421613,1000
H1K1,FactSage/PhononDB,1,0.9826087038326208,23.104585125414662,1400
I2Mn1,FactSage,1,38.340227991023724,36.111956095691426,900
Hf1O2,FactSage/PhononDB,0,14.68323161056592,11.688510218639884,1800
I3Zr1,FactSage,1,53.07300496482647,47.64990540445573,1800
Sb1Zn1,FactSage,1,42.55084891194589,25.29272995569051,800
Cl2Ti1,FactSage,1,20.367603828612573,24.509598827914964,1500
O3W1,FactSage,1,14.718467409329689,14.419356624763193,1000
Ca1O3Zr1,FactSage,1,15.587621846005169,13.313092035866875,1800
C3Mn7,FactSage,1,9.855963350492981,8.892413564791218,1800
Cu3Ta1Te4,PhononDB,0,53.70103549285089,26.83355004559056,1000
Ga1Sb1,FactSage,1,44.335384760004814,30.06663719404004,900
C2Ca1,FactSage,1,9.241252605651514,16.404163319229156,700
Mg1O3Ti1,FactSage,1,11.879803849123785,10.558039053567981,1800
Na1O3V1,FactSage,1,11.811921549732535,15.036373932171028,600
Li3Nb1S4,PhononDB,0,11.5602535993959,28.44365296061355,1000
Ca1Mg2N2,PhononDB,0,11.20704561072131,13.431576528898807,1000
H2La1,FactSage,1,1.000678772905328,15.071274991149249,1100
Cu1O1,FactSage,1,12.781353445956647,11.121911866137523,1800
N2Zn3,FactSage,0,11.5363113376826,11.980353224531422,800
Ba1I2,FactSage,0,65.95508911822654,44.18897935504774,1400
Ca2I6Sr1,PhononDB,0,38.27761436271741,44.699166939353866,1000
F3Y1,FactSage,1,15.653406932978244,12.676273028421946,1300
C1W2,FactSage,1,11.27413426656121,12.685549741531913,1800
Al2Fe1O4,FactSage,0,12.644321094316735,9.997832619689882,1800
F2Mn1,FactSage,0,14.116652278270301,13.804399011493823,1000
F3Ga1,FactSage,1,14.930170382084308,12.400747290930575,1800
C1Zr1,FactSage,1,10.61333153290512,13.180545089358704,1800
Be1Te1,PhononDB,0,8.417656510310332,22.752755969329467,1000
N2S1Zr2,PhononDB,0,14.899114265846707,14.883448510392235,1000
Be1Li1P1,PhononDB,0,5.524124886682753,13.02163245363274,1000
C1Mo2,FactSage,1,10.674377822468962,12.618100036439445,1500
Al1As1,FactSage/PhononDB,1,19.83746595194429,23.562830288974318,1800
Cs1I1,FactSage,0,64.91782842678262,60.67940134831294,1500
C1W1,FactSage,1,11.27413426656121,10.593161446630523,1800
O1Yb1,PhononDB,0,14.645286516990636,13.388535302691952,1000
Br2Pb1,FactSage,1,57.665893892108784,39.544825977276396,900
Mg2Sb2Yb1,PhononDB,0,35.93874711492284,28.67978283268705,1000
Al2Ca1O4,FactSage,1,11.843701024436513,13.187453916411572,1800
Ba1Br1H1,PhononDB,0,17.502973466891802,26.162445388931943,1000
Co1Sb3,FactSage,1,39.71209775332159,23.66749217442555,1100
I3Mo1,FactSage,0,54.635481202652215,48.00250181185972,900
F1Rb1,PhononDB,0,15.543320952406932,23.626569455049466,1000
O2Zr1,FactSage,1,13.612040521005676,12.259200843044686,1400
As1Hg1O3,PhononDB,0,22.110143217060294,16.55913899261413,1000
Cr1F3,FactSage,1,13.914357141772632,12.72383340433795,1200
Co2P1,FactSage,0,20.30302010810565,10.638957964930876,1500
Er1F1S1,PhononDB,0,18.632414663931147,15.968324982783079,1000
O2S1Tb2,PhononDB,0,17.020993727941722,16.908639110894065,1000
Cl2Cr1,FactSage,1,21.079893713028493,24.844005506385546,1000
Mn1Sb1,FactSage,1,37.8569913390949,20.365760094964177,1100
Mn1Se1,FactSage,1,32.39709760661554,26.17686884649962,1700
Cs1Cu3S2,PhononDB,0,29.668163412373268,27.749956081543,1000
As2Cd1O6,PhononDB,0,18.799224260922802,11.652295383843489,1000
As2Os1,PhononDB,0,53.751649878786324,17.44840666451458,1000
O1Pb1,FactSage,1,14.852529531889422,21.877119053846844,700
Br2Mn1,FactSage,0,32.55490190526256,31.069447159571318,900
C2Sr1,FactSage,1,10.562783700204855,19.616284142633354,900
Cd1Cs1F3,PhononDB,0,25.329824106539984,19.001211187442085,1000
F2Sr1,FactSage,1,15.61306527224373,16.819860275892324,1300
I2Zn1,FactSage,1,43.16231451821863,43.65770046108546,700
Ho2O2S1,PhononDB,0,17.08965094110267,16.370002815923613,1000
F1La1Se1,PhononDB,0,27.4564181765752,21.403608640575086,1000
As1Cu3,FactSage,1,34.38326361979264,14.028227128507712,1000
Fe2Ni1O4,FactSage,1,15.952183281089725,10.726481543821668,800
Cl2Sr1,FactSage,1,25.240238395098853,29.165755498796425,1000
Ag1F1,FactSage,1,16.153372947390775,15.901257738075008,700
Br3Ti1,FactSage,0,29.934529494173173,31.215548401864535,1400
Cu2Se1,FactSage,1,35.209690539345715,17.19957806110424,900
Al2Mg1O4,FactSage,1,10.490250899918085,9.740809397817099,1800
O2Se1Tb2,PhononDB,0,25.630893329158486,17.85719904214837,1000
F1S1Tb1,PhononDB,0,18.52713450708205,16.61080697321208,1000
Ba1F2,FactSage,1,16.6895057542791,20.669818677008134,800
Co1F3,FactSage,1,14.366914401021788,12.618429990196926,1400
C1Nb2,FactSage,1,10.635738797400768,14.269133403565126,1800
Mo1S2,FactSage,1,24.032780750751918,20.883111142797073,1400
O2Ti1,FactSage,1,11.991333154835715,12.225526304460793,1800
C1V1,FactSage,1,9.719169052868683,9.01154594374074,1800
Cu3S4Ta1,PhononDB,0,29.593142241821326,21.17839541698864,1000
Ga2O3,FactSage,1,13.013240018944874,10.959278729506678,1800
C1Hf1,FactSage,1,11.253448638246477,12.57872589831125,1800
K1Li1Se1,PhononDB,0,12.808171885495545,25.014349509291854,1000
Cl1Cu1,PhononDB,0,22.756758532914475,19.733691325183464,1000
Ba1H3Li1,PhononDB,0,2.073702053348793,12.980920555248904,1000
Cl1O1Pr1,PhononDB,0,17.906108121482692,19.341906561885573,1000
Mg3N2,FactSage,1,8.885871509225641,12.592043028734537,800
Fe1O1,FactSage,1,12.436411091191523,10.695034021991784,1600
Fe1Te2,FactSage,1,38.844460192428244,21.37666504258916,1000
Ga1N1,PhononDB,0,11.663593015381641,11.740238125049212,1000
Br3Mo1,FactSage,1,43.59540137849456,35.33577222905335,1400
Se1Sr1,PhononDB,0,41.53244807299797,31.313221535858478,1000
Ac1Cl3,PhononDB,0,30.66389410675436,29.714868943452835,1000
I3Ti1,FactSage,1,34.757024504571596,41.7545481348111,1400
